hotelid,one,two,three,four,five,six
83145,1488024,1779511,1526309,1526309,NULL,NULL
93517,1694704,1735725,1871262,1871262,NULL,NULL
98791,436187,1765231,1072672,1072672,753208,2864465
119308,1207214,1407117,1764215,1764215,1763344,909389
351642,400713,453937,449729,449729,787610,496651
351661,376834,424248,352934,352934,1087593,376673
352934,451841,442909,376846,376846,382749,1087593
352941,451932,443364,NULL,NULL,NULL,NULL
352972,392426,498223,376630,376630,443230,446493
353719,453345,376834,424248,424248,443230,1274488
353729,451841,352934,376846,376846,NULL,NULL
354071,1678059,375003,NULL,NULL,NULL,NULL
375003,942523,1139367,354071,354071,1678059,NULL
376630,434059,435498,376665,376665,443230,446493
376665,376630,498223,399307,399307,376734,352972
376673,455417,376834,376846,376846,351661,1087593
376734,453345,353719,451841,451841,443230,478541
376800,1656903,483339,787610,787610,946096,382765
376834,353719,424248,443230,443230,351661,1087593
376846,352934,443230,376734,376734,382749,1087593
382749,451841,442909,353729,353729,376846,NULL
382765,1677592,787610,491009,491009,382789,946096
382789,1677592,438644,491009,491009,382765,496978
382884,351642,458431,498716,498716,483339,382765
385765,1677592,478580,498716,498716,491009,382789
385788,457059,2126937,1677685,1677685,983924,547848
392426,1188650,435498,438233,438233,465000,446493
392481,435150,440020,1507659,1507659,453399,443426
394138,1819741,1206878,1921416,1921416,1206530,485319
394209,1525580,486234,943557,943557,442850,896007
399307,376834,434059,424248,424248,376665,352972
400229,441209,498644,449729,449729,453399,443426
400713,351642,401156,453937,453937,496651,405110
401156,351642,400713,453937,453937,498716,405110
404224,2150546,750327,2242648,2242648,873508,NULL
404868,455847,NULL,NULL,NULL,NULL,NULL
405110,351642,400713,401156,401156,498416,1507659
424248,453345,353719,376834,376834,351661,1087593
425560,1677685,385788,392481,392481,1507659,917961
427497,498644,441291,498607,498607,446299,494836
427515,874429,457639,2341724,2341724,2373499,459432
432833,1525580,394209,750327,750327,442850,1517705
433206,498644,449729,498607,498607,453399,443364
434059,376630,424248,376665,376665,1218927,352972
434336,2189980,NULL,NULL,NULL,NULL,NULL
435150,401156,392481,917961,917961,496651,443426
435498,392426,376630,438233,438233,2300838,465000
436130,1422804,436187,1333915,1333915,988288,1695798
436187,436236,1333915,1318670,1318670,1698222,1207073
436236,440993,1333915,869751,869751,2189094,1287295
438233,392426,435498,1188650,1188650,465000,446493
438637,498644,441291,498607,498607,494836,427497
438644,458431,498716,483339,483339,382789,382765
438861,496978,NULL,NULL,NULL,NULL,NULL
439053,351642,400713,433206,433206,917961,1507659
440020,498644,441291,498607,498607,494836,427497
440993,436236,1788758,1206515,1206515,1814389,1287295
441209,453937,498644,400229,400229,498416,453399
441291,498644,498607,440020,440020,494836,427497
442850,486234,394209,943557,943557,896007,1517705
442909,376834,424248,352934,352934,351661,1087593
443173,462197,1832686,485945,485945,2158125,NULL
443230,453345,353719,376834,376834,376734,352972
443364,433206,352941,1677708,1677708,453399,NULL
443426,441209,2416730,498644,498644,435150,400229
444258,549524,1071934,NULL,NULL,NULL,NULL
444381,1525580,394209,930495,930495,442850,896007
444549,1525580,454474,943557,943557,444381,896007
444721,1764801,1698222,NULL,NULL,NULL,NULL
444756,486234,2260432,2290726,2290726,480402,2370709
444795,441209,453937,1452010,1452010,917961,496651
445072,1709401,983749,485214,485214,445115,1105449
445115,1709401,485214,1318670,1318670,445072,1817806
445230,965088,1526641,1921443,1921443,524713,945829
446299,498644,441291,498607,498607,494836,427497
446493,392426,498223,376630,376630,352972,465000
448029,464470,721379,NULL,NULL,NULL,NULL
448227,549488,498607,619600,619600,494836,427497
449729,498644,400229,1515109,1515109,917961,453399
451841,442909,353729,352934,352934,376734,382749
451932,352941,NULL,NULL,NULL,NULL,NULL
453345,353719,424248,1218927,1218927,443230,1087593
453399,433206,498644,449729,449729,400229,1515109
453937,351642,441209,400713,400713,392481,1507659
454474,394209,750327,444549,444549,444381,896007
455417,1677647,453345,353719,353719,1087593,376673
455847,404868,NULL,NULL,NULL,NULL,NULL
457059,2126937,1677685,385788,385788,983924,547848
457639,874429,972506,2341724,2341724,427515,459432
458431,498716,787610,483339,483339,382884,382765
458583,1593956,1447549,1659913,1659913,NULL,NULL
459432,874429,457639,923828,923828,427515,1521330
461483,2192941,NULL,NULL,NULL,NULL,NULL
461897,486234,750327,923828,923828,873508,1517705
462197,549262,1832686,443173,443173,2158125,NULL
462210,478799,NULL,2178768,2178768,NULL,NULL
464470,448029,NULL,NULL,NULL,NULL,NULL
465000,392426,1188650,435498,435498,2300838,446493
466319,1443024,NULL,NULL,NULL,NULL,NULL
478371,1494830,547841,1576201,1576201,1193596,NULL
478541,453345,353719,455417,455417,376734,1274488
478580,385765,1236462,382789,382789,NULL,NULL
478799,NULL,2178768,935199,935199,NULL,NULL
480402,462197,454474,443173,443173,485945,444549
482488,1525580,394209,750327,750327,442850,1517705
483339,376800,458431,498716,498716,438644,382884
485127,2277346,1238263,2151835,2151835,1837657,1988507
485208,1682142,1682119,1593948,1593948,1694432,1853372
485214,1709401,983749,1318670,1318670,1105449,445072
485319,1819741,1921416,1487965,1487965,445230,394138
485354,1333915,1525776,445115,445115,1499435,497979
485359,1831670,1928326,1927956,1927956,1106684,1735965
485485,753070,436236,497979,497979,1526862,1575922
485507,497954,1525653,497979,497979,1698222,1207073
485598,1526641,1206530,1526740,1526740,445230,945829
485637,1938290,1938151,2063890,2063890,919418,1525834
485945,394209,750327,443173,443173,480402,444549
486234,2260432,750327,2242648,2242648,1517705,873508
486386,1521818,1389188,NULL,NULL,965066,1921233
491009,1677592,385765,382789,382789,382765,1193596
491916,2570235,1799747,1488024,1488024,1279370,2319209
493151,1896351,1518630,1126066,1126066,NULL,NULL
493182,1488015,1207675,1735725,1735725,1525804,1526762
493433,1656903,1236462,491009,491009,382765,1193596
493901,1928269,1927956,1735511,1735511,524713,1525502
494836,498644,441291,498607,498607,427497,438637
495222,874429,923828,972506,972506,930326,2000263
495313,556193,NULL,NULL,NULL,NULL,NULL
496651,351642,400713,458431,458431,787610,444795
496978,1677592,491009,382789,382789,946096,1193596
497004,1411080,NULL,NULL,NULL,NULL,NULL
497880,1852926,2294179,1388618,1388618,1779940,NULL
497954,1285381,1521818,1227662,1227662,524713,1685853
497979,440993,1333915,1526790,1526790,1206458,485354
498223,2145622,376630,376665,376665,352972,446493
498396,1908461,1444940,1712976,1712976,753208,486386
498416,441209,351642,498644,498644,496651,405110
498607,498644,441291,440020,440020,494836,427497
498644,441291,498607,440020,440020,494836,427497
498716,385765,458431,787610,787610,438644,382765
524713,1819807,1526641,485598,485598,445230,945829
547841,1494830,1576201,478371,478371,NULL,NULL
547848,457059,1677685,385788,385788,NULL,NULL
548928,1444940,1735624,893477,893477,753208,1839003
549262,462197,1832686,NULL,NULL,NULL,NULL
549488,1603498,2416730,448227,448227,494836,427497
549524,444258,1071934,NULL,NULL,NULL,NULL
556193,495313,NULL,NULL,NULL,NULL,NULL
619600,2416730,549488,448227,448227,427497,438637
673255,787080,376800,1320555,1320555,400229,483339
677337,2657612,NULL,NULL,NULL,NULL,NULL
683555,1694704,814976,1577509,1577509,1747669,2362658
704566,1754823,1840208,1795959,1795959,1839335,752357
711529,1814729,1689696,1675970,1675970,524713,944521
721379,448029,NULL,NULL,NULL,NULL,NULL
721880,942523,1139367,375003,375003,NULL,NULL
728689,1348550,1651328,NULL,NULL,NULL,NULL
731192,1558290,1736499,2209617,2209617,1426105,1246626
731505,1981542,1675970,NULL,NULL,NULL,NULL
731974,1754823,752471,2143443,2143443,1193751,1741886
732458,1256182,873618,1487914,1487914,2294366,1255842
745038,751146,NULL,NULL,NULL,NULL,NULL
745218,3019441,1824601,1741905,1741905,802560,752287
748694,760716,1521818,753083,753083,1764801,1765603
749218,1544168,1610450,1635967,1635967,1264161,NULL
750327,486234,2260432,2242648,2242648,485945,873508
751146,1741905,1741964,1840324,1840324,983658,802560
752287,745218,1824601,1741905,1741905,1741964,752967
752312,1839430,NULL,NULL,NULL,NULL,NULL
752321,1316533,NULL,NULL,NULL,NULL,NULL
752357,491916,1158301,1795959,1795959,1741886,1989162
752402,1840324,NULL,NULL,NULL,NULL,NULL
752471,1754823,1013234,1840605,1840605,1839335,1840234
752530,1754823,1824691,752471,752471,1839335,1840234
752649,1840324,NULL,NULL,NULL,NULL,NULL
752724,1246985,1249015,1795043,1795043,1735148,1747250
752933,965088,1426105,1559763,1559763,1921465,1348380
752967,1840654,1741905,1799777,1799777,983658,802560
752998,1668459,NULL,NULL,NULL,NULL,NULL
753070,1731171,1730412,795531,795531,486386,1656214
753083,440993,1101631,1752258,1752258,1814389,1814516
753169,1732808,1760726,1868335,1868335,1577509,1845703
753208,753070,1822113,1735879,1735879,1839003,486386
753232,711529,2069419,1542140,1542140,1707763,1247673
753355,1526231,1771106,1799747,1799747,1675164,1763991
753412,1736499,731192,1635967,1635967,NULL,1320283
753467,2096232,NULL,NULL,NULL,NULL,NULL
753504,815113,NULL,NULL,NULL,NULL,NULL
760611,2609708,2371680,1610966,1610966,NULL,NULL
760716,1555903,1736499,1218619,1218619,1736546,1537324
773808,1558290,1555903,1736499,1736499,1561900,1928139
774724,436236,869751,485598,485598,988350,485354
787080,1320555,2126937,673255,673255,425560,1507659
787610,376800,458431,498716,498716,382884,382765
790346,1928408,2178967,2022783,2022783,NULL,909921
795531,1731171,1241726,1745545,1745545,1072672,1735386
802560,3019441,1840654,1741905,1741905,983658,1840371
814273,2063633,1068810,NULL,NULL,NULL,NULL
814478,1928015,1454707,1211065,1211065,1218994,1814796
814530,1446547,1572637,1000446,1000446,NULL,NULL
814556,2165485,NULL,NULL,NULL,NULL,NULL
814700,1006258,1525953,2144685,2144685,1227662,1525338
814712,1795111,1575915,1831391,1831391,1503351,1968626
814714,1558290,1451923,1928521,1928521,1426105,1232902
814752,1320283,NULL,NULL,NULL,NULL,NULL
814770,1558290,1736499,731192,731192,1426105,814714
814976,683555,1694704,1577509,1577509,1871262,2362658
815047,1921416,1562304,1921443,1921443,1559763,485319
815072,983749,1333915,2377103,2377103,NULL,NULL
815113,753504,NULL,NULL,NULL,NULL,NULL
815197,1735425,1735537,1206920,1206920,1442884,1735148
815227,814530,1446547,1450770,1450770,1000446,NULL
815365,945829,NULL,NULL,NULL,NULL,NULL
869751,440993,436236,2189094,2189094,1287295,1575922
873425,1569685,1256151,1247762,1247762,1764801,1765603
873508,486234,394209,750327,750327,1659190,1008816
873552,2375813,1578205,1304365,1304365,1830193,NULL
873618,1256182,1207866,1487914,1487914,NULL,NULL
874136,1754823,752471,1013234,1013234,1839335,1840234
874429,495222,457639,923828,923828,2341724,459432
893477,1240133,1502957,1635967,1635967,NULL,753412
893558,1828129,1118999,1610450,1610450,1756428,NULL
895973,1732808,1542901,1339965,1339965,1845683,1868357
895981,1797061,1450770,1982140,1982140,2028400,2028215
896007,454474,394209,943557,943557,444381,442850
909280,1333915,1828690,NULL,NULL,NULL,NULL
909282,1303109,1812367,752724,752724,NULL,NULL
909389,1407117,1901631,1772812,1772812,1764100,1779511
909884,1400396,NULL,NULL,NULL,NULL,NULL
909898,1206492,445072,1695798,1695798,NULL,NULL
909921,790346,2022783,2377103,2377103,NULL,NULL
916149,1647957,1832042,1688077,1688077,1235617,2385751
917961,498644,449729,392481,392481,439053,1507659
919322,1814658,NULL,1752258,1752258,1756428,1417342
919397,1938130,1264161,2063687,2063687,1509525,1258233
919418,1938279,1938354,1928521,1928521,1938060,2063687
923828,874429,495222,972506,972506,930326,459432
928816,1323294,1237498,1236346,1236346,1240010,1745681
930326,874429,495222,923828,923828,1008816,2000263
930376,1735053,1752323,1773153,1773153,1377758,1503351
930483,1248921,1747562,2165141,2165141,991230,1694432
930495,1525580,943557,480402,480402,444381,1517705
930572,1206878,1736499,1249612,1249612,814714,1525502
930642,1732808,1339965,1577509,1577509,NULL,NULL
931810,1400399,NULL,NULL,NULL,NULL,NULL
932857,2205636,1747736,NULL,NULL,NULL,NULL
932969,1207579,497979,1236678,1236678,NULL,NULL
935199,478799,NULL,2178768,2178768,NULL,NULL
935411,1206840,2290527,1451923,1451923,1831276,1820024
937663,1126019,1218891,1928015,1928015,1765603,1106684
937732,937663,1521818,485214,485214,1006264,1820740
937969,493182,NULL,NULL,NULL,NULL,NULL
939385,1249340,NULL,NULL,NULL,NULL,NULL
939411,1284869,NULL,NULL,NULL,NULL,NULL
940839,2294179,497880,1445475,1445475,NULL,NULL
941477,2137963,1921416,1771320,1771320,1831330,1968626
942523,1139367,721880,375003,375003,NULL,NULL
943048,1235576,1232892,1207579,1207579,1747626,1348380
943212,1928015,1218891,1206696,1206696,445115,1106684
943557,1525580,394209,930495,930495,444381,896007
944521,1218891,1675970,1218994,1218994,1814389,1525338
945829,485598,1921443,1389188,1389188,445230,394138
946096,1677592,376800,1656903,1656903,382789,382765
950440,1678100,983944,1067770,1067770,NULL,NULL
965066,1735678,1548390,945829,945829,486386,1921233
965088,1831670,1865540,1818534,1818534,1389188,445230
972506,874429,495222,457639,457639,2373499,930326
983658,751146,1741905,983669,983669,NULL,802560
983669,1840654,1234168,1741905,1741905,802560,1840371
983730,745218,751146,1741964,1741964,752287,NULL
983749,1709401,1218891,485214,485214,445072,1525338
983924,457059,2126937,1677685,1677685,425560,NULL
983944,1678100,1067770,950440,950440,NULL,NULL
988288,440993,1422804,1206742,1206742,1072635,1525614
988350,436187,1517221,1526823,1526823,1525614,1575922
988366,440993,1987848,1814729,1814729,1487825,1257787
988426,1788831,1158082,1745944,1745944,NULL,NULL
991165,1526986,1207130,2165141,2165141,1812361,1313071
991179,2192423,1419445,1026444,1026444,1525804,1320283
991212,1928269,2192423,1206696,1206696,1374660,2385751
991230,1526986,1207130,1812361,1812361,991165,1313071
992671,1667401,1251381,1793331,1793331,NULL,NULL
993155,1942074,1417481,1793296,1793296,1793331,NULL
994491,2065381,NULL,NULL,NULL,NULL,NULL
999597,1074655,NULL,NULL,NULL,NULL,NULL
1000446,814530,1450770,1572637,1572637,815227,2011932
1006258,2188926,1218891,1218994,1218994,1814389,944521
1006264,1451923,1675970,1814596,1814596,1548390,1817806
1008212,1067258,NULL,NULL,NULL,NULL,NULL
1008816,486234,495222,750327,750327,930326,2000263
1013078,1754823,752471,1840190,1840190,1839335,1840234
1013234,1754823,752471,1772812,1772812,1741886,1840234
1014490,485127,1613672,1685727,1685727,1822380,1839003
1019284,1793162,2189173,NULL,NULL,NULL,NULL
1026444,1812351,1906656,2192423,2192423,991179,945829
1067258,1008212,NULL,NULL,NULL,NULL,NULL
1067770,1678100,983944,950440,950440,NULL,NULL
1068810,814273,NULL,NULL,NULL,NULL,NULL
1071934,444258,549524,NULL,NULL,NULL,NULL
1072635,1659241,1218891,1814389,1814389,1765603,1256197
1072672,1502957,1451923,1745545,1745545,1765603,1257787
1074655,999597,NULL,NULL,NULL,NULL,NULL
1085613,491916,1526231,2083015,2083015,1526309,2319209
1087593,453345,376834,424248,424248,351661,376673
1101631,440993,753083,1548390,1548390,1218968,944521
1105449,1006258,485214,1006264,1006264,1675970,445072
1106317,1303109,1814729,1685727,1685727,988366,1348380
1106684,1709401,1928015,1218891,1218891,445115,1817806
1118111,1134251,1526531,NULL,NULL,NULL,NULL
1118999,1828129,1610450,1828525,1828525,1756428,NULL
1125958,1488015,1207843,1736381,1736381,2385751,2111007
1126019,937663,1521818,1525776,1525776,1072672,486386
1126035,440993,1928015,1218891,1218891,445115,1499435
1126066,493151,1896351,1247747,1247747,NULL,NULL
1134202,1101631,436236,1287295,1287295,NULL,NULL
1134251,1526531,1118111,NULL,NULL,NULL,NULL
1139367,942523,721880,375003,375003,NULL,NULL
1140655,1938266,1938290,1938151,1938151,1525834,485637
1143302,1675970,NULL,NULL,NULL,NULL,NULL
1143380,1900601,1994943,1143489,1143489,1822380,2312392
1143489,1900601,1143380,1207843,1207843,1734622,1814389
1158082,988426,NULL,NULL,NULL,NULL,NULL
1158200,1318670,NULL,NULL,NULL,NULL,NULL
1158301,1754823,752471,1795959,1795959,1989162,1840234
1188650,2547561,392426,438233,438233,465000,446493
1193514,1761658,2165141,991165,991165,1575919,1227694
1193596,1656903,491009,493433,493433,496978,382765
1193751,1754823,1840605,1234011,1234011,1839335,1384385
1202193,1207291,1072672,1228196,1228196,1311435,1575384
1206246,1709401,436187,1206492,1206492,445072,1207073
1206306,1662974,1752323,1206920,1206920,1735148,1752391
1206419,2188926,440993,1422804,1422804,1526681,1206246
1206458,1333915,1814729,1206742,1206742,497979,1831258
1206492,1709401,485214,445072,445072,1206246,1207073
1206515,440993,1101631,1333915,1333915,1218994,1814389
1206530,1206878,1921416,1487965,1487965,485319,394138
1206544,1735053,1812367,1207579,1207579,1831258,1377758
1206593,440993,436236,1206742,1206742,1206246,1575922
1206696,1928269,991212,943212,943212,1927956,1374660
1206742,1206840,1207579,1667356,1667356,1236678,1543382
1206840,1206742,1207579,1747626,1747626,1236678,1831276
1206878,930572,2195278,1521818,1521818,1525502,1921233
1206920,1752323,1442884,1525878,1525878,815197,1206306
1207073,1709401,485507,1206492,1206492,1206246,1698222
1207130,2165141,991230,1487764,1487764,991165,1313071
1207166,1207214,1526231,1799747,1799747,1763991,1279370
1207214,1488024,2189113,1526309,1526309,1763388,1279370
1207291,1422804,1207130,1228196,1228196,1526603,1575384
1207496,683555,1694704,814976,814976,1845683,2362658
1207579,1206840,1535514,1575878,1575878,1575915,1236678
1207675,493182,1735725,1902733,1902733,1526762,1845703
1207706,1264271,2375813,2028744,2028744,1578205,NULL
1207843,1542793,991212,1845690,1845690,1206492,1125958
1207866,1256182,1487914,1274436,1274436,1255842,2331534
1211065,NULL,814478,1981542,1981542,NULL,NULL
1216463,1968626,NULL,NULL,NULL,NULL,NULL
1216552,1507999,NULL,1389188,1389188,1264161,1814389
1216895,1558290,1736499,731192,731192,1426105,1246626
1217197,1793182,NULL,NULL,NULL,NULL,NULL
1217749,1732370,1928156,2151835,2151835,1837657,1988507
1218002,1253974,NULL,NULL,NULL,NULL,NULL
1218619,760716,2192423,1206696,1206696,NULL,NULL
1218891,1928015,1521818,1927956,1927956,944521,1525338
1218927,453345,353719,424248,424248,443230,1274488
1218968,1101631,NULL,1647957,1647957,1828285,944521
1218994,1562757,1756428,1814389,1814389,944521,1814516
1221570,873425,1558290,1736499,1736499,1561900,1247762
1221802,2160304,1667401,1705430,1705430,2158455,1793350
1223334,2165175,1747562,1487764,1487764,NULL,NULL
1223643,1833057,1561900,1451923,1451923,NULL,1232902
1227662,773808,1502957,1241726,1241726,1731037,1235617
1227694,1502957,1241726,1745545,1745545,1193514,1235617
1228196,1207291,1830667,1526603,1526603,1311435,1202193
1229710,1535514,1831258,1236678,1236678,NULL,NULL
1231126,1304365,NULL,NULL,NULL,NULL,NULL
1231266,1747562,1207130,1320058,1320058,991165,2325843
1231429,1861703,1812361,NULL,NULL,NULL,NULL
1232892,1235576,943048,NULL,NULL,NULL,NULL
1232902,1833057,1561900,1761585,1761585,814714,1223643
1232936,1488015,NULL,NULL,NULL,NULL,NULL
1232955,1240133,1248017,NULL,NULL,1732004,1828525
1233209,2375813,1830193,NULL,NULL,NULL,NULL
1234011,1754823,752471,1603265,1603265,1839335,1840234
1234168,1840654,1741905,983669,983669,802560,1840371
1234560,2165485,NULL,NULL,NULL,NULL,NULL
1235388,1866429,1262422,1728512,1728512,1865728,1747250
1235479,1578375,2151835,1507344,1507344,1828568,1988507
1235536,1006258,NULL,NULL,NULL,NULL,NULL
1235576,1232892,1747626,943048,943048,NULL,NULL
1235617,814770,1241726,1635967,1635967,1451868,NULL
1236346,1323294,928816,2205636,2205636,1240010,1745681
1236388,2242746,NULL,NULL,NULL,NULL,NULL
1236462,385765,1677592,478580,478580,382789,NULL
1236678,1206840,1207579,1535514,1535514,1831276,1543382
1237498,928816,NULL,NULL,NULL,NULL,NULL
1237573,2276707,NULL,NULL,NULL,NULL,NULL
1237597,2165175,1853041,1320058,1320058,1243545,1861606
1238263,2151835,1118999,1507344,1507344,1837657,1988507
1238331,NULL,1736499,1752258,1752258,1218994,1389188
1240010,1323294,928816,2205636,2205636,2242746,1745681
1240133,1558290,1736499,731192,731192,1732004,1246626
1241726,1502957,1745545,1635967,1635967,1235617,NULL
1241836,711529,1921443,524713,524713,394138,NULL
1242520,2208841,NULL,NULL,NULL,NULL,NULL
1243545,2165175,1248755,1861703,1861703,2004156,1227694
1246051,1408070,NULL,NULL,NULL,NULL,NULL
1246236,1928439,NULL,NULL,NULL,NULL,NULL
1246296,1764801,NULL,NULL,NULL,NULL,NULL
1246555,1400396,NULL,NULL,NULL,NULL,NULL
1246626,1240133,1736499,731192,731192,1732004,2004028
1246985,1735537,NULL,1249015,1249015,752724,1747250
1247295,1921443,1921465,NULL,NULL,NULL,NULL
1247374,445072,2189036,1228196,1228196,NULL,NULL
1247650,1422804,1689696,795531,795531,NULL,NULL
1247654,1814635,1987848,445115,445115,1548390,1724150
1247673,1489811,1688052,1731171,1731171,1105449,1698222
1247747,493151,1126066,NULL,NULL,NULL,NULL
1247762,873425,1731171,1569685,1569685,1764801,1765603
1247793,1928269,1419445,965088,965088,2111007,2318131
1247946,1488015,1685484,NULL,NULL,NULL,NULL
1247993,1202193,NULL,NULL,NULL,NULL,NULL
1248017,1889294,1232955,NULL,NULL,1758403,1685484
1248696,2189036,1526603,NULL,NULL,NULL,NULL
1248755,1561900,1451923,1732004,1732004,1243545,1249146
1248761,1262796,1938266,2010324,2010324,1140655,1258233
1248921,930483,1747562,1207130,1207130,1487764,1694432
1249015,1833057,1866429,1928521,1928521,1728512,1747250
1249146,1558290,1736499,731192,731192,1928139,1732004
1249340,939385,1665647,1426779,1426779,NULL,NULL
1249612,1558290,1831670,1340338,1340338,1426105,1559763
1249650,1831670,1249612,1426105,1426105,2004028,1320283
1250970,2195278,919397,1525834,1525834,1258233,NULL
1251041,2375813,873552,1262244,1262244,NULL,NULL
1251381,1793288,1779796,2189173,2189173,1705430,1726795
1253366,1731137,NULL,NULL,NULL,NULL,NULL
1253408,2382909,NULL,NULL,NULL,NULL,NULL
1253974,1218002,NULL,NULL,NULL,NULL,NULL
1255842,1487914,1207866,1274436,1274436,1256078,2294366
1256078,1255842,NULL,NULL,NULL,NULL,NULL
1256116,1928326,943212,1735646,1735646,2385751,1537324
1256151,873425,1569685,1814767,1814767,1764801,1765603
1256182,873618,1207866,732458,732458,2331534,NULL
1256197,1736499,731192,1715268,1715268,1765603,1320283
1256424,1256182,1207866,2200402,2200402,NULL,NULL
1256452,988426,1408289,NULL,NULL,NULL,NULL
1256520,1487914,1207866,NULL,NULL,NULL,NULL
1256930,1265990,NULL,NULL,NULL,NULL,NULL
1257787,1987848,1451923,1667356,1667356,988366,1487825
1258233,1262796,1938266,919397,919397,1250970,1984067
1258474,1752323,NULL,NULL,NULL,NULL,NULL
1258838,2000135,NULL,NULL,NULL,NULL,NULL
1260327,1938266,1938151,485637,485637,NULL,NULL
1260458,1318670,445072,1374660,1374660,NULL,NULL
1260516,1487914,2331534,NULL,NULL,NULL,NULL
1262130,1831258,1921233,NULL,NULL,NULL,NULL
1262244,1251041,2153652,NULL,NULL,NULL,NULL
1262319,1273972,1278762,NULL,NULL,NULL,NULL
1262422,1857363,1866429,1235388,1235388,1728512,2174015
1262796,1938354,1248761,2010324,2010324,1258233,1509525
1264161,1938130,1938187,919397,919397,1216552,1831373
1264271,1578159,1608156,1207706,1207706,NULL,NULL
1265990,1256930,NULL,NULL,NULL,NULL,NULL
1273972,1660193,1959401,1262422,1262422,2174015,1262319
1274436,1207866,1487914,1255842,1255842,NULL,NULL
1274488,1677647,453345,353719,353719,376734,478541
1275834,1489811,1732370,1735879,1735879,1765231,1656214
1278588,1377758,NULL,NULL,NULL,NULL,NULL
1278762,1262319,NULL,NULL,NULL,NULL,NULL
1279370,1207214,491916,1764215,1764215,1207166,1763991
1279968,1469815,NULL,NULL,NULL,NULL,NULL
1283408,1303319,NULL,NULL,NULL,NULL,NULL
1284573,1558290,1736499,731192,731192,1426105,1732004
1284849,1814729,1318670,1814584,1814584,1735386,965066
1284869,1752258,1735879,1543830,1543830,2150553,939411
1285381,485214,497954,445115,445115,524713,1685853
1287253,1487914,1207866,NULL,NULL,NULL,NULL
1287295,440993,1544168,436236,436236,1788758,1701339
1300760,1218891,965088,1734622,1734622,1389188,524713
1300913,1399708,1399673,NULL,NULL,NULL,NULL
1303109,930572,1647957,1735678,1735678,1389188,1921233
1303319,1283408,NULL,NULL,NULL,NULL,NULL
1303442,1620057,1840208,1158301,1158301,704566,1668459
1303460,1105449,NULL,NULL,NULL,NULL,NULL
1304012,1678123,NULL,NULL,NULL,NULL,NULL
1304365,1231126,1609160,873552,873552,NULL,NULL
1311435,2324014,1228196,1830667,1830667,1575384,1202193
1312950,1232955,1487979,1904820,1904820,1685484,1526762
1313071,2165175,1207130,991230,991230,991165,2124634
1316335,1871668,1218891,1736499,1736499,1928156,1735646
1316533,1938279,1938266,752321,752321,1578461,2063983
1318298,1754823,752471,3032861,3032861,1839335,1840234
1318670,983749,1709401,485214,485214,445072,1817806
1319973,1555903,2462396,1858406,1858406,3065781,1765603
1320058,2165175,1558911,1243545,1243545,1231266,1237597
1320065,2362658,NULL,NULL,NULL,NULL,NULL
1320283,1736499,731192,1249650,1249650,1695266,753412
1320455,1732808,1207496,1694704,1694704,753169,1871262
1320555,787080,401156,673255,673255,439053,1507659
1320622,1704049,NULL,NULL,NULL,NULL,NULL
1323294,2722334,928816,1236346,1236346,1240010,1745681
1324124,1840335,1541992,1795959,1795959,1488060,1989162
1332890,1793208,NULL,NULL,NULL,NULL,NULL
1333915,1521818,436236,1206515,1206515,1499435,2188917
1339720,983749,NULL,NULL,NULL,NULL,NULL
1339757,2052666,1764135,2100044,2100044,1656379,NULL
1339965,1732808,895973,1831203,1831203,753169,1695266
1340159,1736226,1635967,1221570,1221570,NULL,1765603
1340338,1249612,1928521,1795043,1795043,814714,1928535
1340354,2022783,1875303,NULL,NULL,NULL,NULL
1348171,1735725,1525804,NULL,NULL,NULL,NULL
1348320,2012105,NULL,NULL,NULL,NULL,NULL
1348380,752933,1106317,1747626,1747626,943048,1942503
1348550,728689,NULL,NULL,NULL,NULL,NULL
1348807,1469803,NULL,NULL,NULL,NULL,NULL
1370824,1889294,1488015,NULL,NULL,NULL,NULL
1374660,1928269,991212,1206696,1206696,1526740,2385751
1376595,1223334,NULL,NULL,NULL,NULL,NULL
1377758,2290527,1206544,1812367,1812367,1575878,1525878
1384385,1754823,752471,1013234,1013234,1839335,1840234
1385143,2188926,2701951,1006264,1006264,893477,2111007
1385258,1871668,1489811,1845690,1845690,1235617,2111007
1385523,1736499,1561900,1451923,1451923,1732004,1249146
1385682,1735053,1565864,2290527,2290527,1236678,1968626
1385763,1814767,1689696,1218994,1218994,1407386,NULL
1388405,751146,1839430,1840324,1840324,983658,NULL
1388618,497880,NULL,NULL,NULL,NULL,NULL
1388726,1735678,1921233,NULL,NULL,NULL,NULL
1389188,965088,1735879,1216552,1216552,NULL,486386
1389535,1422804,1206246,NULL,NULL,NULL,NULL
1392349,1207843,1865540,1318670,1318670,1817806,916149
1399484,1620057,2975433,1013078,1013078,NULL,NULL
1399673,1300913,NULL,NULL,NULL,NULL,NULL
1399708,1300913,NULL,NULL,NULL,NULL,NULL
1400396,1246555,1664552,909884,909884,NULL,NULL
1400399,931810,NULL,NULL,NULL,NULL,NULL
1407117,1901631,1772812,1767442,1767442,1764100,1779511
1407386,937663,1820740,1685727,1685727,1247673,1816480
1407406,1238263,1241726,1507344,1507344,1235617,1837657
1407816,1206920,1865708,NULL,NULL,NULL,NULL
1408070,1246051,NULL,NULL,NULL,NULL,NULL
1408245,445230,485637,485319,485319,NULL,NULL
1408289,1408392,1256452,NULL,NULL,NULL,NULL
1408392,1408289,NULL,NULL,NULL,NULL,NULL
1408466,2041164,NULL,NULL,NULL,NULL,NULL
1409609,1889294,711529,2111306,2111306,497954,1765231
1411080,497004,NULL,NULL,NULL,NULL,NULL
1411686,1206878,1333915,2377103,2377103,NULL,NULL
1417105,2217701,NULL,NULL,NULL,NULL,NULL
1417342,1735537,1773153,1928497,1928497,1747626,1575878
1417481,1942074,1793296,2189173,2189173,1793331,NULL
1419445,2192423,1502957,1845690,1845690,2110800,1320283
1422804,1333915,1207291,436130,436130,988288,1685853
1426105,1759480,1736499,731192,731192,1249650,814714
1426779,1249340,NULL,NULL,NULL,NULL,NULL
1434497,2189113,2319209,NULL,NULL,NULL,NULL
1439481,753070,NULL,NULL,NULL,NULL,NULL
1442884,1866603,1735425,1206920,1206920,1735148,815197
1443024,2657612,466319,NULL,NULL,NULL,NULL
1444024,2609708,NULL,NULL,NULL,NULL,NULL
1444940,1731171,1735879,1340159,1340159,1839003,1227694
1445437,1445990,1845703,NULL,NULL,NULL,NULL
1445475,940839,NULL,NULL,NULL,NULL,NULL
1445990,1445437,1845703,NULL,NULL,NULL,NULL
1446547,814530,1450770,2059574,2059574,1000446,815227
1446599,3018443,2165141,2324014,2324014,1313071,1227694
1447549,1593956,1659913,458583,458583,NULL,NULL
1450770,1797061,1572637,1000446,1000446,815227,2011932
1451864,1949001,436236,2189094,2189094,2188917,1543382
1451868,814770,2167075,1235617,1235617,NULL,NULL
1451915,2097224,1685484,1525804,1525804,NULL,NULL
1451923,2462396,1561900,NULL,NULL,1232902,1223643
1452010,441209,392481,444795,444795,1507659,453399
1454018,2885783,1206246,NULL,NULL,NULL,NULL
1454705,1761658,1454707,1525524,1525524,1257787,2362770
1454707,814478,1454705,893558,893558,1814796,1227694
1456056,2111306,1683533,1072635,1072635,988366,1983184
1456786,1903315,991212,943212,943212,1733387,1660330
1466123,1793340,1526203,1730553,1730553,NULL,NULL
1469803,1348807,NULL,NULL,NULL,NULL,NULL
1469815,2376559,1279968,NULL,NULL,NULL,NULL
1486104,1207214,1772598,1763388,1763388,NULL,NULL
1487764,930483,1747562,1207130,1207130,991230,2102330
1487825,1206742,1667356,1814214,1814214,988366,1257787
1487914,1207866,1256520,1684102,1684102,1255842,2331534
1487965,2195278,1921416,1562304,1562304,394138,485319
1487979,1488015,1312950,1904820,1904820,1685484,1526762
1488015,1889294,493182,1487979,1487979,1685484,2111007
1488024,1207214,2189113,1763344,1763344,1763388,1279370
1488060,1840335,1541992,1013234,1013234,1668459,752357
1488638,1812367,1928439,1525502,1525502,NULL,NULL
1489811,1385258,1702479,1006264,1006264,1826842,1730412
1494830,547841,1576201,491009,491009,382765,1193596
1499435,440993,1333915,445115,445115,2188917,1698222
1502957,1736499,731192,1745545,1745545,1837657,1988507
1503351,1735053,1565864,1773153,1773153,930376,1968626
1503602,1667401,2189173,1724725,1724725,1526178,1793331
1507303,1207214,NULL,NULL,NULL,NULL,NULL
1507344,1578375,2151835,1235479,1235479,1828568,1988507
1507368,814976,1577509,2217701,2217701,1747669,2362658
1507592,1525863,1707763,1712976,1712976,753208,965066
1507659,449729,392481,439053,439053,425560,917961
1507696,753070,2188751,1707763,1707763,1507592,1735965
1507999,1814553,1216552,1814214,1814214,1831276,1543382
1509099,2063890,NULL,NULL,NULL,NULL,NULL
1509525,1262796,1938130,919397,919397,NULL,NULL
1513741,2294179,NULL,NULL,NULL,NULL,NULL
1514069,445072,NULL,NULL,NULL,NULL,NULL
1515109,449729,498607,400229,400229,917961,453399
1515592,1565864,NULL,NULL,NULL,NULL,NULL
1517221,1736226,1814365,1731171,1731171,1764801,486386
1517705,486234,1525580,2260432,2260432,444549,442850
1518630,493151,NULL,NULL,NULL,NULL,NULL
1520595,491916,1741898,1668459,1668459,1989162,1840234
1521330,874429,457639,923828,923828,427515,459432
1521818,1218891,1333915,937732,937732,2188917,486386
1525338,983749,1218891,1006264,1006264,1814389,944521
1525502,1206878,930572,1831670,1831670,1562304,1206530
1525524,1542793,1126035,1927956,1927956,1499435,2385751
1525580,394209,943557,930495,930495,444381,1517705
1525614,1126019,1072635,1072672,1072672,1764801,486386
1525653,1126019,485507,1206492,1206492,1698222,1207073
1525776,1126019,1949001,445115,445115,1525614,485354
1525804,493182,1207675,2281192,2281192,991179,1526762
1525834,1938266,1938151,2063890,2063890,485637,1258233
1525863,1814584,1735386,1247673,1247673,1287295,1407386
1525878,1735537,1206920,1526623,1526623,1377758,815197
1525953,1218891,1832042,1688077,1688077,1736369,893477
1526178,1221802,2189173,1705430,1705430,2158455,1793331
1526203,1466123,1793340,1730553,1730553,NULL,NULL
1526231,1799747,2189113,1207166,1207166,1763991,753355
1526309,1207214,119308,1488024,1488024,1763388,2319209
1526531,1517221,1736226,1561900,1561900,1487825,1575919
1526603,1761658,1207291,1228196,1228196,1575919,1575384
1526623,1273972,1735537,1206920,1206920,1525878,1206306
1526641,1303109,1206696,485598,485598,1526740,445230
1526681,485485,2188751,1507696,1507696,1526603,1206419
1526740,1526641,1487965,485598,485598,2110800,1526862
1526762,1207675,1312950,2097224,2097224,1904820,1816938
1526790,1333915,1521818,497979,497979,1206458,1526862
1526823,937663,1711554,1206593,1206593,1525614,1995384
1526862,2022783,1735678,1526641,1526641,1072672,1526740
1526986,2165141,1207130,991230,991230,2164979,991165
1527084,1689073,1665647,1620546,1620546,NULL,NULL
1535514,1206544,1812367,1207579,1207579,1831258,1565984
1537324,760716,1659241,1555903,1555903,3045725,1736546
1537358,1227662,1613672,1822380,1822380,1921287,1537324
1538844,1558290,1736499,731192,731192,1928139,1732004
1540271,1218994,NULL,NULL,NULL,NULL,NULL
1541943,2988308,NULL,NULL,NULL,NULL,NULL
1541992,1840335,1324124,1795959,1795959,1488060,2153767
1542118,1957873,1921443,524713,524713,1921233,486386
1542140,1736381,1072635,1685727,1685727,1389188,2414687
1542332,1889294,1659198,937663,937663,1206492,2111007
1542793,1385258,1218891,1207843,1207843,943212,1733387
1542901,1732808,683555,895973,895973,1747669,2362658
1543275,1866365,NULL,NULL,NULL,NULL,NULL
1543382,1206840,1207579,1747626,1747626,1236678,1831276
1543830,2401577,1284869,1340159,1340159,2146994,1814695
1544168,1238263,1730412,1072672,1072672,1287295,2042394
1548390,1247654,1502957,1006264,1006264,1745545,1685727
1548559,1736499,731192,1561900,1561900,1928139,1732004
1551063,2290527,1206544,935411,935411,2145931,1543382
1551171,1207866,2331534,NULL,NULL,NULL,NULL
1552151,1635967,1548390,1756428,1756428,NULL,753412
1552613,486234,2260432,2242648,2242648,2000263,873508
1555903,2462396,1732370,1858406,1858406,3065781,1765603
1558290,1736499,731192,1249612,1249612,1928139,814714
1558373,1819807,1006258,1828181,1828181,1590918,1983184
1558431,1544168,749218,1248755,1248755,486386,1735965
1558911,1320058,NULL,NULL,NULL,NULL,NULL
1559669,453345,376834,424248,424248,351661,376673
1559763,1736499,1249612,1249650,1249650,815047,493901
1559835,1526986,NULL,NULL,NULL,NULL,NULL
1559902,752724,NULL,NULL,NULL,NULL,NULL
1560974,965066,3018433,486386,486386,NULL,NULL
1561900,1451923,1745545,NULL,NULL,1221570,1223643
1562304,1831670,1921416,1487965,1487965,1525502,1320283
1562757,2143339,1218994,1814389,1814389,1814516,1106684
1564744,1732370,1735624,NULL,NULL,NULL,NULL
1564952,440993,1647957,1548390,1548390,1698222,NULL
1564978,1698222,NULL,NULL,NULL,NULL,NULL
1565864,1515592,2290527,1246985,1246985,1928439,1856903
1565984,1451923,1535514,1831258,1831258,1765603,486386
1566049,1566084,NULL,NULL,NULL,NULL,NULL
1566084,1566049,NULL,NULL,NULL,NULL,NULL
1569685,873425,1256151,1247762,1247762,1765603,1828429
1572637,1797061,814530,1446547,1446547,1000446,815227
1575384,1207291,1228196,1830667,1830667,1526603,1202193
1575878,1206840,1773153,1207579,1207579,1575915,1831276
1575915,1773153,2290527,1207579,1207579,988366,1968626
1575919,2657432,1526531,1207291,1207291,1901767,1526603
1575922,440993,436236,869751,869751,1206593,1814796
1576201,1494830,547841,478371,478371,1193596,NULL
1577509,683555,1694704,814976,814976,1641443,1871262
1578159,1264271,NULL,NULL,NULL,NULL,NULL
1578205,2375813,2028744,1207706,1207706,NULL,NULL
1578375,2151835,1235479,1507344,1507344,1828568,1988507
1578461,1938279,1938266,2134800,2134800,1235388,1316533
1578758,440993,1796631,NULL,NULL,NULL,NULL
1584890,1207706,NULL,NULL,NULL,NULL,NULL
1590918,1521818,1558373,1548390,1548390,1817806,1983184
1593918,1766430,1761658,1853372,1853372,1526603,1227694
1593948,485208,1207130,991230,991230,2164979,1313071
1593956,1447549,1659913,458583,458583,NULL,NULL
1602985,445230,945829,NULL,NULL,NULL,NULL
1603265,1754823,1795959,1234011,1234011,1193751,752357
1603498,549488,448227,619600,619600,NULL,NULL
1604387,1000446,NULL,NULL,NULL,NULL,NULL
1605626,2386978,NULL,NULL,NULL,NULL,NULL
1605642,1819741,1831603,2195278,2195278,394138,485319
1608156,1264271,NULL,NULL,NULL,NULL,NULL
1609115,2028013,NULL,NULL,NULL,NULL,NULL
1609160,1304365,NULL,NULL,NULL,NULL,NULL
1610450,1828129,1118999,1828525,1828525,1756428,NULL
1610966,760611,NULL,NULL,NULL,NULL,NULL
1611401,1889124,NULL,NULL,NULL,NULL,NULL
1613672,1232955,1828129,1118999,1118999,1828525,NULL
1615282,1959419,NULL,NULL,NULL,NULL,NULL
1618842,3019374,1683533,1711554,1711554,1507592,1217749
1620057,1840208,752471,1303442,1303442,1193751,1488060
1620546,1689073,1527084,NULL,NULL,NULL,NULL
1626917,2066165,1866429,1262422,1262422,1728512,2174015
1635967,1736499,731192,1756428,1756428,NULL,753412
1636006,814770,1006264,1814596,1814596,1921443,1525338
1641443,1732808,1207496,1889278,1889278,1868357,1695266
1647046,1206920,2689716,1865804,1865804,1865708,NULL
1647957,1814658,1502957,1832042,1832042,1218968,1701339
1648154,1773153,1866127,752724,752724,NULL,NULL
1651328,728689,NULL,NULL,NULL,NULL,NULL
1655111,1709401,485214,NULL,NULL,NULL,NULL
1656214,1828129,1118999,1610450,1610450,1756428,NULL
1656379,2052666,2246213,1339757,1339757,1764100,2238272
1656903,376800,493433,491009,491009,382765,1193596
1659190,2260432,461897,2242648,2242648,873508,1517705
1659198,1303109,1814596,2110800,2110800,1542332,NULL
1659241,1555903,2462396,1072635,1072635,3065781,1537324
1659913,1593956,1447549,458583,458583,NULL,NULL
1660193,1273972,1442884,NULL,NULL,NULL,NULL
1660330,1502957,1731171,1241726,1241726,1235617,1227694
1661741,NULL,NULL,NULL,NULL,NULL,NULL
1661923,2193368,NULL,NULL,NULL,NULL,NULL
1662974,1752323,1773153,1866429,1866429,1866127,1728512
1664552,1400396,NULL,NULL,NULL,NULL,NULL
1665647,1689073,1746376,1527084,1527084,NULL,NULL
1667356,1206742,1072672,1756428,1756428,1831258,1257787
1667401,1793162,1221802,1503602,1503602,1724725,1793331
1668459,1795959,1303442,1520595,1520595,1488060,1840281
1675164,1207214,1763388,753355,753355,NULL,NULL
1675319,440993,436187,NULL,NULL,NULL,NULL
1675970,1006264,445115,1736369,1736369,1685853,944521
1675975,1422804,1736432,988350,988350,NULL,NULL
1676227,2164884,1207130,NULL,NULL,NULL,NULL
1676379,1232955,1613672,1312950,1312950,1758403,1685484
1676442,1889294,2111007,NULL,NULL,NULL,NULL
1677592,385765,491009,382789,382789,382765,496978
1677647,453345,455417,1274488,1274488,1087593,376673
1677685,457059,2126937,385788,385788,983924,547848
1677708,433206,1677914,443364,443364,NULL,NULL
1677914,1677708,443364,NULL,NULL,NULL,NULL
1678059,354071,375003,NULL,NULL,NULL,NULL
1678100,983944,1067770,950440,950440,NULL,NULL
1678123,1304012,NULL,NULL,NULL,NULL,NULL
1680809,493182,NULL,NULL,NULL,NULL,NULL
1682119,485208,1694432,NULL,NULL,NULL,NULL
1682142,1526531,485208,NULL,NULL,NULL,NULL
1682243,1207130,1694432,1853372,1853372,NULL,NULL
1683533,1871668,1385258,1316335,1316335,1235617,NULL
1684102,1487914,NULL,NULL,NULL,NULL,NULL
1685484,1488015,1312950,2097224,2097224,1904820,1816938
1685727,1318670,1820740,1548390,1548390,1735386,1407386
1685853,1285381,497954,1207291,1207291,524713,944521
1686971,1207214,2189113,1488024,1488024,1279370,NULL
1687527,1206920,1626917,1262422,1262422,2174015,2099261
1688052,1502957,1736226,1451923,1451923,1765603,1256197
1688077,1542793,1928015,1832042,1832042,916149,1217749
1689073,1746376,1665647,1620546,1620546,NULL,NULL
1689696,2657432,1238263,1730412,1730412,1764801,1407406
1689812,1942074,1221802,1793296,1793296,NULL,NULL
1690492,485485,1207291,2324014,2324014,1575919,1526603
1692047,1562304,1487965,2377103,2377103,1206530,1525834
1694432,1248921,1682243,930483,930483,1682119,1853372
1694704,1732808,683555,814976,814976,1871262,1747669
1695266,1858406,1868335,2290932,2290932,1641443,1320283
1695798,440993,485214,1333915,1333915,1287295,1698222
1698222,440993,983749,485214,485214,1247673,1207073
1701339,1736499,1702479,1752258,1752258,814714,1997887
1702479,1558290,1736499,731192,731192,1426105,814714
1704049,683555,1889278,814976,814976,1320622,1845683
1705430,2160304,1221802,1793288,1793288,1793350,1793331
1706497,NULL,1736226,1736369,1736369,1853372,1814796
1707763,1385258,1507696,1712976,1712976,945829,1507592
1709401,485214,1318670,445115,445115,1817806,1106684
1711554,1871668,1822113,2189094,2189094,1526823,1765231
1712976,1731171,498396,1444940,1444940,753208,1839003
1713193,1006264,1284869,1828181,1828181,1736114,1764801
1715268,814770,1451923,1828181,1828181,1765603,1256197
1721653,1488015,NULL,NULL,NULL,NULL,NULL
1721744,1006258,1928015,2021651,2021651,943212,1228196
1724150,1247654,1752258,1736369,1736369,1218994,1735386
1724725,1793162,1667401,1503602,1503602,2158455,1793331
1725321,2165262,1207130,436130,436130,2164979,NULL
1726795,2189173,1251381,NULL,NULL,NULL,NULL
1728512,1833057,1866429,1235388,1235388,2028718,1865728
1730412,1238263,1856903,1814214,1814214,1764801,1781436
1730553,1466123,1793340,1526203,1526203,1793260,NULL
1731037,1578375,2151835,1235479,1235479,1837657,1828568
1731063,1687527,NULL,NULL,NULL,NULL,NULL
1731137,2028507,1253366,NULL,NULL,NULL,NULL
1731171,1241726,1745545,1730412,1730412,1340159,1235617
1732004,1558290,1736499,731192,731192,1246626,1249146
1732370,1555903,2462396,1564744,1564744,3065781,1217749
1732808,683555,1694704,1542901,1542901,1845683,753169
1732876,2028215,NULL,NULL,NULL,NULL,NULL
1733387,1542793,760716,1832042,1832042,1828397,1828259
1733565,1558290,1736499,731192,731192,1635967,1732004
1734622,1555903,1300760,1143489,1143489,1921287,753412
1735053,1385682,1206544,930376,930376,1503351,1875303
1735148,1752323,1735425,1206920,1206920,1525878,815197
1735204,1731171,1730412,1928113,1928113,1407406,1735325
1735285,1521818,1454707,1765231,1765231,2188917,1921233
1735325,1908461,2613931,2059705,2059705,2312392,1407406
1735386,1521818,1685727,1072672,1072672,486386,1256197
1735425,1735537,1795043,1728512,1728512,815197,1747250
1735511,748694,1747529,1927956,1927956,493901,1451864
1735537,1662974,1735425,1773153,1773153,1866365,815197
1735624,1831670,1735204,1832042,1832042,1072635,1635967
1735646,1385258,1871668,1683533,1683533,991179,1235617
1735678,1303109,790346,2022783,2022783,1526862,1921233
1735725,1760726,1732808,1207675,1207675,1902733,1845703
1735879,NULL,1118999,1828525,1828525,1764801,1656214
1735965,1928015,1814729,1820740,1820740,1284573,1106684
1736114,NULL,1284849,1548390,1548390,1814530,1407406
1736177,1735053,1249015,752724,752724,1525878,1377758
1736226,1688052,1451923,1340159,1340159,1814750,1701339
1736254,1659241,1906656,1921407,1921407,1548390,893558
1736284,1303109,1659198,1206530,1206530,1526740,2110800
1736369,1521818,445115,1675970,1675970,524713,1814389
1736381,1525776,1507344,1235617,1235617,1125958,2111007
1736432,1675975,1521818,988350,988350,NULL,NULL
1736499,1558290,731192,1928139,1928139,1732004,1246626
1736546,760716,1659241,1218891,1218891,1927956,1537324
1741875,1943280,NULL,NULL,NULL,NULL,NULL
1741886,1754823,1013234,752471,752471,1839335,1840234
1741898,1840172,2000135,1795959,1795959,752357,1840281
1741905,1840654,1799777,983669,983669,983658,802560
1741964,1840654,751146,983669,983669,983658,802560
1745120,2683978,3019374,1928269,1928269,2281192,2784169
1745545,1736499,2151835,1856903,1856903,814714,1837657
1745681,1323294,928816,2205636,2205636,1747736,1240010
1745769,2242746,NULL,NULL,NULL,NULL,NULL
1745806,2023090,2242746,NULL,NULL,NULL,NULL
1745944,988426,NULL,NULL,NULL,NULL,NULL
1746092,711529,983749,485507,485507,1695798,2189036
1746376,1689073,1665647,NULL,NULL,NULL,NULL
1747250,1833057,1249015,1866429,1866429,1235388,1728512
1747529,1814729,1928156,2022783,2022783,1736369,2188917
1747562,2165175,1207130,2165141,2165141,991230,2102330
1747626,1206840,1207579,1575878,1575878,1831276,1543382
1747669,683555,1694704,814976,814976,1871262,2362658
1747736,928816,2205636,2023090,2023090,2685164,1902733
1752167,1218891,1688077,944521,944521,NULL,1217749
1752258,NULL,753083,1820740,1820740,1218994,1701339
1752323,1662974,1206920,1866127,1866127,1752391,815197
1752391,1752323,1866317,1648154,1648154,1747250,1206306
1753134,1858180,NULL,NULL,NULL,NULL,NULL
1753416,1928015,943212,1675970,1675970,1796631,2385751
1753584,2382909,NULL,NULL,NULL,NULL,NULL
1754823,752471,1603265,1840605,1840605,1839335,1840234
1756428,1561900,1118999,1635967,1635967,1223643,NULL
1756451,1938266,NULL,NULL,NULL,NULL,NULL
1757655,2137963,2374719,1521818,1521818,2377103,1928439
1758403,1232955,1248017,NULL,NULL,1735725,2776082
1758441,NULL,1521818,753083,753083,486386,1525338
1759408,748694,1525863,937732,937732,1575384,1202193
1759429,1488015,1735725,1685484,1685484,NULL,NULL
1759480,485214,1426105,394138,394138,NULL,NULL
1760726,1732808,1323294,1735725,1735725,753169,1845703
1761585,1662974,1773153,NULL,NULL,1575878,1223643
1761658,1207291,2324014,1812361,1812361,1526603,1227694
1761848,1675970,795531,1228196,1228196,NULL,NULL
1761853,1227662,NULL,NULL,NULL,NULL,NULL
1763344,1407117,119308,2083015,2083015,1488024,909389
1763388,1207214,1486104,2083015,2083015,1207166,1675164
1763900,1207214,2189113,1526309,1526309,2319209,NULL
1763930,1767425,NULL,NULL,NULL,NULL,NULL
1763950,1207214,1764215,2083015,2083015,2319209,1764062
1763991,1901631,1526231,1799747,1799747,1279370,753355
1764000,491916,1085613,119308,119308,1207166,2319209
1764062,1763950,2083015,1488024,1488024,2319209,1279370
1764100,1407117,1901631,1772812,1772812,909389,1779511
1764135,2052666,1207214,1339757,1339757,1526309,1279370
1764215,1207214,119308,1526231,1526231,1763344,1279370
1764801,873425,1555903,1246296,1246296,1765603,1924898
1765231,1558290,1736499,731192,731192,1928139,1426105
1765603,873425,1736499,731192,731192,1561900,1221570
1766005,1686971,1488024,1763991,1763991,NULL,NULL
1766430,1593918,1422804,1731171,1731171,1812361,1313071
1767425,1763930,83145,1488024,1488024,NULL,NULL
1767442,1779492,1901631,1407117,1407117,909389,1767549
1767549,1779492,1207214,1767442,1767442,1526309,1279370
1768188,1193751,1668459,1741886,1741886,NULL,NULL
1770858,2174055,2028400,2028215,2028215,NULL,NULL
1771106,1526231,753355,NULL,NULL,NULL,NULL
1771174,1800028,NULL,NULL,NULL,NULL,NULL
1771287,1736226,NULL,NULL,NULL,NULL,NULL
1771320,941477,2462396,1451923,1451923,1814214,1525338
1772086,1732808,683555,814976,814976,753169,2362658
1772598,1207214,1486104,NULL,NULL,NULL,NULL
1772812,1407117,1901631,1767442,1767442,1764100,1779511
1773153,1662974,1735537,1207579,1207579,1866127,1575915
1778035,1620057,1795959,1520595,1520595,1940895,1488060
1779492,1207214,1767442,1767549,1767549,NULL,NULL
1779511,1407117,83145,1772812,1772812,909389,1764100
1779796,1221802,1793288,2189173,2189173,1705430,1793350
1779940,497880,NULL,NULL,NULL,NULL,NULL
1781436,1385763,1730412,1543382,1543382,NULL,NULL
1781842,1763991,NULL,NULL,NULL,NULL,NULL
1788758,440993,1101631,436236,436236,1287295,1575922
1788831,988426,1820467,NULL,NULL,NULL,NULL
1793033,1793350,NULL,NULL,NULL,NULL,NULL
1793162,2160304,1019284,1667401,1667401,1793350,1793331
1793182,1959419,1217197,NULL,NULL,NULL,NULL
1793208,1332890,NULL,NULL,NULL,NULL,NULL
1793260,1526203,1730553,NULL,NULL,NULL,NULL
1793288,1793162,1779796,1251381,1251381,2158455,1793350
1793296,1942074,1667401,1417481,1417481,1689812,1793331
1793331,1793162,2160304,1667401,1667401,2189173,993155
1793340,1466123,1526203,1730553,1730553,NULL,NULL
1793350,1793162,1221802,1793288,1793288,2158455,1526178
1794659,941477,2137963,1771320,1771320,1814389,1565984
1794839,909282,NULL,NULL,NULL,NULL,NULL
1795043,1866429,1928521,NULL,NULL,1728512,2211447
1795067,749218,1340338,1735678,1735678,1140655,1757655
1795111,1561900,1928521,1795043,1795043,814714,1223643
1795138,1526531,NULL,NULL,NULL,NULL,NULL
1795959,1754823,1840335,1234011,1234011,1940895,1989162
1796509,1207866,1487914,NULL,NULL,NULL,NULL
1796631,440993,869751,1526790,1526790,1206515,1218994
1796884,1824509,983730,1840371,1840371,NULL,NULL
1797061,1450770,1572637,2028215,2028215,NULL,NULL
1797103,1824601,745218,1741905,1741905,1824533,752967
1797397,752357,NULL,NULL,NULL,NULL,NULL
1797521,1730553,NULL,NULL,NULL,NULL,NULL
1799747,1526231,2189113,1656379,1656379,1763991,1279370
1799777,1840654,1741905,983669,983669,983658,802560
1800028,1771174,NULL,NULL,NULL,NULL,NULL
1812351,1732808,2192423,1207496,1207496,2348733,2110800
1812361,1526986,1207130,2165141,2165141,2164979,1313071
1812367,1206544,1535514,1747626,1747626,1831276,1968626
1812783,1006264,1675970,1206593,1206593,1575384,1575922
1814214,1507999,2462396,1856903,1856903,1730412,1837657
1814365,2462396,1451923,1715268,1715268,1828285,1765603
1814389,1928015,1521818,1736369,1736369,944521,1814516
1814516,1831670,753083,1562757,1562757,1218994,1814389
1814530,1928015,1736114,1814389,1814389,2189036,2188917
1814553,1507999,NULL,1814729,1814729,1814214,1548559
1814584,1241726,1635967,1340159,1340159,NULL,753412
1814596,814770,1241726,1928139,1928139,1828285,1765603
1814635,1659241,1247654,1832042,1832042,1814767,1928497
1814658,1828214,1502957,1647957,1647957,919322,1235617
1814695,1517221,1206742,1543830,1543830,1340159,988366
1814729,2462396,1730412,1814214,1814214,2188917,1765603
1814750,1561900,1451923,NULL,NULL,1223643,1249146
1814767,1814635,1385763,1256151,1256151,1756428,1765603
1814796,814478,1647957,1454707,1454707,1216552,1575922
1814808,1206840,869751,1206696,1206696,2145931,NULL
1815518,1303109,1206742,1828181,1828181,1206515,1125958
1815586,1318670,445072,NULL,NULL,NULL,NULL
1815609,436130,795531,1695798,1695798,NULL,NULL
1815677,1525614,NULL,NULL,NULL,NULL,NULL
1816480,814770,1502957,1284869,1284869,2864465,1407386
1816689,1526641,1026444,485354,485354,NULL,NULL
1816938,1312950,2097224,1758403,1758403,1685484,1526762
1817806,1006264,1318670,1736369,1736369,944521,1106684
1818534,1558290,1819807,965088,965088,524713,2188917
1818551,2195278,1562304,1487965,1487965,NULL,NULL
1818675,1318670,485319,NULL,NULL,NULL,NULL
1818969,2374719,485598,1206530,1206530,NULL,NULL
1819688,440993,965088,445072,445072,945829,1724150
1819741,2195278,1605642,1921416,1921416,485319,2703408
1819807,1558290,1558373,1818534,1818534,1730412,524713
1819846,1389188,1525338,NULL,NULL,NULL,NULL
1820024,1206840,1207579,935411,935411,1831276,1968626
1820467,1788831,NULL,NULL,NULL,NULL,NULL
1820740,1752258,1006264,1685727,1685727,937732,1247673
1822113,1502957,1241726,1745545,1745545,1235617,753208
1822380,1143380,1227662,1014490,1014490,1731037,1407406
1824462,1541992,752357,NULL,NULL,NULL,NULL
1824509,1840654,1741905,983669,983669,983658,802560
1824533,1824601,745218,1741905,1741905,752967,2188943
1824601,745218,1741905,1799777,1799777,752967,752287
1824691,752530,NULL,NULL,NULL,NULL,NULL
1824706,752471,NULL,NULL,NULL,NULL,NULL
1826842,1489811,1828129,1118999,1118999,1828525,1756428
1828129,1118999,1610450,1828525,1828525,1756428,NULL
1828172,1218891,1928015,1647957,1647957,1828525,1828285
1828181,1819807,1713193,1906656,1906656,1558373,1715268
1828214,1814658,1502957,1688052,1688052,753083,2189132
1828259,1709401,1928015,1733387,1733387,NULL,NULL
1828285,1736499,1451923,1715268,1715268,1828172,1256197
1828397,1871668,1385258,1733387,1733387,1409609,1217749
1828429,1569685,1675970,1698222,1698222,NULL,NULL
1828525,1232955,1828129,1118999,1118999,1635967,NULL
1828568,1578375,2151835,1235479,1235479,1837657,1988507
1828690,1526531,1101631,2145931,2145931,909280,1831276
1830193,1233209,2375813,2028744,2028744,NULL,NULL
1830667,1761658,2324014,1228196,1228196,1311435,1575384
1831203,1732808,1870535,1339965,1339965,1577509,2348733
1831258,2290527,1206544,1812367,1812367,1236678,1565984
1831276,1206840,1207579,1747626,1747626,1543382,1820024
1831330,941477,1735678,1264161,1264161,1503351,NULL
1831373,1795067,1262796,1938130,1938130,1928535,1264161
1831391,2401577,1246985,1812367,1812367,1831276,814712
1831603,1605642,1559763,1735386,1735386,486386,1217749
1831670,1736499,1249612,1249650,1249650,814714,753412
1831992,2188926,1006258,983749,983749,1499435,1685853
1832026,1285381,937663,937732,937732,NULL,NULL
1832042,1831670,1928015,1736499,1736499,1647957,1927956
1832686,549262,462197,443173,443173,NULL,NULL
1832759,1938266,NULL,NULL,NULL,NULL,NULL
1833057,1866429,NULL,1232902,1232902,2028718,1223643
1837657,1578375,2151835,1235479,1235479,1828568,1988507
1839003,1908461,1635967,1444940,1444940,NULL,753412
1839335,1754823,752471,1603265,1603265,1234011,1840234
1839430,2330836,752312,751146,751146,NULL,983658
1840172,1754823,1840208,752471,752471,1839335,1840234
1840190,1754823,752471,1840605,1840605,1839335,1840234
1840208,1754823,752471,1840605,1840605,3009358,1840234
1840234,1754823,752471,1013234,1013234,1234011,1839335
1840281,2000135,1795959,704566,704566,1668459,752357
1840302,1668459,1741886,NULL,NULL,NULL,NULL
1840324,752402,751146,752649,752649,983658,1388405
1840335,1754823,1541992,1795959,1795959,1839335,1488060
1840371,1840654,1741905,983669,983669,983658,802560
1840605,1754823,752471,1013234,1013234,1839335,1840234
1840654,1741905,983669,1741964,1741964,802560,1840371
1845683,1732808,683555,1207496,1207496,1577509,1871262
1845690,1385258,1871668,1419445,1419445,1735646,2110800
1845703,1760726,1207675,1735725,1735725,753169,1685484
1852926,497880,NULL,NULL,NULL,NULL,NULL
1853041,1207130,1487764,1812361,1812361,2102330,1313071
1853308,2165175,1747562,991165,991165,NULL,NULL
1853372,1593918,1682243,485208,485208,1706497,1575919
1853473,1928462,NULL,NULL,NULL,NULL,NULL
1856702,1578375,2151835,1507344,1507344,1828568,1988507
1856903,1565864,1745545,NULL,NULL,1730412,1814214
1857363,1262422,1687527,NULL,NULL,NULL,NULL
1858180,753083,1753134,1715268,1715268,944521,NULL
1858406,1555903,2290932,1319973,1319973,1695266,1320283
1861606,2165175,2043852,991230,991230,1243545,1237597
1861703,2164613,1248755,1243545,1243545,1231429,1548559
1861731,1526986,NULL,NULL,NULL,NULL,NULL
1865540,1392349,965088,2701951,2701951,445230,1247673
1865686,1575878,1747250,1503351,1503351,NULL,NULL
1865708,1662974,1752323,1206920,1206920,1866127,1866365
1865728,1833057,1866429,1235388,1235388,1728512,2028718
1865804,1273972,1206920,1647046,1647046,1526623,1525878
1866127,1662974,1752323,1626917,1626917,1865708,1728512
1866317,1752323,1525878,1752391,1752391,NULL,NULL
1866365,1735537,1246985,1865708,1865708,1543275,1206306
1866429,1833057,1235388,1262422,1262422,2028718,1865728
1866514,1968626,NULL,NULL,NULL,NULL,NULL
1866603,1273972,1206920,1442884,1442884,752724,1735148
1868335,1889278,1870535,2290932,2290932,753169,1695266
1868357,683555,1694704,895973,895973,1577509,1641443
1870535,1868335,814976,1831203,1831203,1845703,NULL
1871262,683555,1694704,814976,814976,1845683,1747669
1871668,1385258,1683533,1635967,1635967,2111007,753412
1875303,1735053,1206878,1928439,1928439,752724,1565984
1875694,2277346,2462396,1987848,1987848,988366,1257787
1875815,937663,1525614,753208,753208,2864465,486386
1889124,1611401,NULL,NULL,NULL,NULL,NULL
1889278,1704049,1868335,1641443,1641443,2217701,1695266
1889285,1488015,1816938,NULL,NULL,NULL,NULL
1889294,493182,1488015,1248017,1248017,1235617,1370824
1896351,493151,1126066,NULL,NULL,NULL,NULL
1900601,1143380,1143489,937663,937663,1525338,NULL
1901631,1407117,1767442,1772812,1772812,1764100,1779511
1901767,1544168,1454707,1548390,1548390,1814796,1575919
1902733,1760726,2714662,2722334,2722334,1735725,1747736
1903315,2188926,1871668,1385258,1385258,1507696,1711554
1904391,753083,1647957,1788758,1788758,1814516,1701339
1904820,1312950,2097224,1735725,1735725,1685484,1526762
1906656,1928408,2192423,1745120,1745120,1026444,1736254
1908461,2613931,2281192,1735879,1735879,1839003,1735325
1921233,1206878,1542118,1735678,1735678,965066,486386
1921270,1303109,NULL,NULL,NULL,NULL,NULL
1921287,1735204,1981542,1734622,1734622,1537358,2425489
1921300,1921233,NULL,NULL,NULL,NULL,NULL
1921407,1006258,1736254,NULL,NULL,NULL,NULL
1921416,1819741,1562304,1487965,1487965,485319,394138
1921443,1928015,965088,445230,445230,945829,1525338
1921465,711529,965088,752933,752933,445230,1247295
1924898,1764801,NULL,NULL,NULL,NULL,NULL
1927947,1698222,NULL,NULL,NULL,NULL,NULL
1927956,1558290,1736499,731192,731192,1426105,2035708
1928015,1218891,1832042,943212,943212,1814389,1106684
1928049,1218891,1928015,1548390,1548390,NULL,NULL
1928113,1216895,1735204,752933,752933,1814596,1525338
1928139,1558290,1736499,731192,731192,1732004,1249146
1928156,1688077,1316335,1747529,1747529,1217749,1407406
1928269,760716,991212,965088,965088,1374660,1537324
1928303,1419445,1828397,NULL,NULL,NULL,NULL
1928326,1256116,1732370,485359,485359,1814389,1537324
1928408,1906656,790346,NULL,NULL,NULL,NULL
1928439,1246985,1340338,1488638,1488638,1757655,1246236
1928462,1853473,NULL,NULL,NULL,NULL,NULL
1928497,1814635,1814767,919322,919322,1417342,1820024
1928521,1340338,1795043,1938060,1938060,1928535,919418
1928535,1558290,814770,1831670,1831670,814714,1232902
1929109,1558290,1736499,731192,731192,1732004,1715268
1929153,1318670,445230,945829,945829,NULL,NULL
1932133,773808,1218891,1981542,1981542,NULL,NULL
1938052,2063890,1140655,NULL,NULL,NULL,NULL
1938060,1938279,1938266,1340338,1340338,1938290,919418
1938130,2374719,1262796,919397,919397,1264161,1509525
1938151,1938266,919397,2063890,2063890,1525834,485637
1938187,2374719,1264161,1316533,1316533,NULL,NULL
1938266,1938279,1248761,2010324,2010324,1938151,2063890
1938279,1938266,2010324,1938290,1938290,919418,1316533
1938290,1938354,1938279,1938266,1938266,919418,1984067
1938354,1262796,2010324,1938290,1938290,1984067,1258233
1940895,1754823,752471,1795959,1795959,1839335,1989162
1942074,1221802,1793296,1417481,1417481,1689812,1793331
1942503,1525863,2082793,1444940,1444940,1348380,753208
1943280,1741875,983669,1840371,1840371,NULL,NULL
1943753,1793350,NULL,NULL,NULL,NULL,NULL
1949001,2405085,1525776,2151835,2151835,1837657,1451864
1957873,1542118,NULL,NULL,NULL,NULL,NULL
1959401,1273972,1735537,1262422,1262422,NULL,NULL
1959419,1793182,1615282,NULL,NULL,NULL,NULL
1962379,814770,773808,1206878,1206878,1981542,1734622
1968626,2401577,1812367,1575915,1575915,1072672,1831276
1981542,2151835,1507344,2297368,2297368,1988507,1983184
1982140,895981,NULL,NULL,NULL,NULL,NULL
1983184,1731171,1981542,2297368,2297368,1456056,2318131
1984067,1938354,1262796,NULL,NULL,1938290,1258233
1987848,1875694,1247654,1814767,1814767,1257787,1227694
1988507,1578375,2151835,1235479,1235479,1837657,1828568
1989162,1754823,752471,1158301,1158301,1940895,1839335
1994943,2405085,1143380,3025275,3025275,2312392,1543382
1995384,2405085,937663,1526823,1526823,1206458,1575922
1997887,1701339,NULL,NULL,NULL,NULL,NULL
2000135,1258838,1795959,704566,704566,752357,1840281
2000263,486234,874429,495222,495222,1008816,930326
2004028,1812351,1249650,1562304,1562304,2110800,1320283
2004156,1207130,991230,1243545,1243545,NULL,NULL
2010324,1938354,1262796,1938266,1938266,1248761,1984067
2011932,760611,1450770,2028400,2028400,1000446,NULL
2012105,1348320,NULL,NULL,NULL,NULL,NULL
2013566,2022377,NULL,NULL,NULL,NULL,NULL
2021651,753070,1735204,1689696,1689696,486386,1407406
2022377,2013566,NULL,NULL,NULL,NULL,NULL
2022783,1333915,790346,1735678,1735678,1526862,486386
2023090,2205636,1747736,2242746,2242746,1745806,NULL
2028013,1609115,NULL,NULL,NULL,NULL,NULL
2028215,1797061,1450770,1732876,1732876,1770858,2011932
2028332,1450770,NULL,NULL,NULL,NULL,NULL
2028400,1446547,2028215,895981,895981,2011932,NULL
2028507,1731137,2222695,NULL,NULL,NULL,NULL
2028718,1833057,1866429,1235388,1235388,1728512,1865728
2028744,2375813,1578205,1830193,1830193,NULL,NULL
2035708,1206696,943212,1927956,1927956,NULL,NULL
2041164,2157971,1408466,NULL,NULL,NULL,NULL
2042394,1578375,2151835,1507344,1507344,1828568,1988507
2043852,991230,1812361,991165,991165,2124634,1861606
2052666,2246213,1339757,1764135,1764135,2272059,1656379
2059574,1446547,895981,NULL,NULL,NULL,NULL
2059705,937663,445072,893558,893558,1735325,NULL
2063633,814273,NULL,NULL,NULL,NULL,NULL
2063687,1262796,919397,1938151,1938151,919418,485637
2063890,1938266,1938151,1140655,1140655,1525834,1258233
2063983,1140655,1316533,485637,485637,NULL,NULL
2065381,994491,NULL,NULL,NULL,NULL,NULL
2066165,1626917,NULL,NULL,NULL,NULL,NULL
2069419,1761658,1525776,1685727,1685727,1507592,2362770
2078516,930376,1526623,1503351,1503351,NULL,NULL
2080835,1840172,1520595,1940895,1940895,1989162,NULL
2082793,1206593,1942503,1311435,1311435,NULL,NULL
2083015,2570235,1763344,1764100,1764100,2238272,1764062
2096232,1754823,752471,1013234,1013234,1839335,1840234
2097224,1312950,1487979,1904820,1904820,1685484,1526762
2099261,1626917,1866429,1442884,1442884,1687527,1752391
2100044,1207214,1407117,119308,119308,1767442,909389
2102330,1747562,1853041,2165141,2165141,991165,2325843
2110800,1419445,2192423,1235617,1235617,1320283,1256197
2111007,1385258,1871668,1218891,1218891,1235617,1125958
2111306,1871668,1385258,1419445,1419445,1456056,1983184
2124634,1593918,2043852,485208,485208,2325843,1313071
2126937,351642,457059,400229,400229,438644,917961
2134800,1578461,1316533,NULL,NULL,NULL,NULL
2137963,1303109,1521818,1921416,1921416,2377103,1757655
2140539,3025275,NULL,NULL,NULL,NULL,NULL
2141105,1695798,NULL,NULL,NULL,NULL,NULL
2143339,1562757,1675970,1218994,1218994,944521,1106684
2143443,1754823,752471,1840605,1840605,1989162,1840234
2144685,436236,814700,NULL,NULL,NULL,NULL
2145622,498223,376630,376665,376665,443230,352972
2145931,1795111,1715268,497979,497979,1831258,1565984
2146994,1543830,1236678,1968626,1968626,NULL,NULL
2147260,1845690,NULL,NULL,NULL,NULL,NULL
2150546,404224,NULL,NULL,NULL,NULL,NULL
2150553,1690492,1284869,1454707,1454707,1206593,NULL
2151835,1578375,1235479,1507344,1507344,1828568,1988507
2153652,1251041,1262244,NULL,NULL,NULL,NULL
2153767,1541992,NULL,NULL,NULL,NULL,NULL
2157971,2041164,NULL,NULL,NULL,NULL,NULL
2158125,462197,1832686,443173,443173,NULL,NULL
2158455,1221802,2160304,1793288,1793288,1793350,1526178
2160304,1793162,1221802,2189173,2189173,1793350,1793331
2164613,1861703,NULL,NULL,NULL,NULL,NULL
2164884,2165175,1207130,1676227,1676227,NULL,NULL
2164979,1526986,2165141,1207130,1207130,1812361,1313071
2165141,1526986,1207130,1487764,1487764,1812361,991165
2165175,1861703,1853308,1243545,1243545,1313071,1861606
2165262,1725321,1207130,991230,991230,2164979,1575919
2165485,814556,1234560,NULL,NULL,NULL,NULL
2167075,814770,1235617,1451868,1451868,2111007,NULL
2169109,1735053,1831391,NULL,NULL,NULL,NULL
2170286,485485,436130,1499435,1499435,NULL,NULL
2174015,1273972,1626917,1262422,1262422,815197,NULL
2174055,1770858,NULL,NULL,NULL,NULL,NULL
2178768,478799,935199,462210,462210,NULL,NULL
2178967,2374719,2195278,790346,790346,1487965,NULL
2179808,NULL,1206696,1238331,1238331,NULL,NULL
2179856,1206840,1487825,965066,965066,1287295,1543382
2184840,1207130,991165,NULL,NULL,NULL,NULL
2188751,1688052,1521818,1507696,1507696,2188970,1526681
2188917,440993,1521818,1333915,1333915,1814389,1814516
2188926,1006258,1736499,1814596,1814596,1765231,1072672
2188943,1824601,745218,1741905,1741905,1824533,752967
2188970,1451923,1814389,1828285,1828285,1565984,1256197
2189036,1247374,1752258,1207291,1207291,1812361,2188917
2189094,440993,1544168,436236,436236,2188917,1548559
2189113,1207214,1799747,1488024,1488024,1207166,1279370
2189132,1502957,1688052,1451923,1451923,1248755,1765603
2189173,1793162,1667401,1705430,1705430,1793350,1793331
2189980,434336,NULL,NULL,NULL,NULL,NULL
2192423,1812351,1419445,1026444,1026444,2110800,1320283
2192941,461483,NULL,NULL,NULL,NULL,NULL
2193205,436187,2913947,1444940,1444940,2414687,NULL
2193368,1661923,NULL,NULL,NULL,NULL,NULL
2195278,2374719,1206878,1819741,1819741,1487965,2063890
2200384,1565864,1773153,1575878,1575878,1525878,1968626
2200402,1487914,1256424,NULL,NULL,NULL,NULL
2205636,2023090,1747736,2242746,2242746,1240010,1745681
2208841,1242520,NULL,NULL,NULL,NULL,NULL
2209617,731192,NULL,NULL,NULL,NULL,NULL
2211447,1795043,NULL,NULL,NULL,NULL,NULL
2217701,1507368,1889278,814976,814976,2653480,1417105
2222695,2028507,NULL,NULL,NULL,NULL,NULL
2238272,1901631,1763900,2083015,2083015,1656379,1764062
2242648,486234,2290726,750327,750327,NULL,873508
2242746,2205636,2023090,1745769,1745769,2685164,1240010
2246213,2052666,1656379,NULL,NULL,NULL,NULL
2260432,486234,444756,2290726,2290726,1008816,1517705
2272059,2052666,NULL,NULL,NULL,NULL,NULL
2276707,1237573,2663826,436130,436130,1812361,2111007
2277346,1875694,485127,NULL,NULL,NULL,NULL
2281192,1908461,2613931,1845690,1845690,2784169,1764801
2290527,1565864,935411,1575915,1575915,1236678,1377758
2290726,444756,2260432,2242648,2242648,482488,2370709
2290932,1732808,2714662,1858406,1858406,1695266,1320283
2293824,1565864,1273972,2668144,2668144,752724,1752391
2294179,2579477,497880,940839,940839,NULL,NULL
2294366,1487914,1207866,732458,732458,2331534,NULL
2297368,753083,1981542,1858180,1858180,2644552,1983184
2300838,2547561,392426,435498,435498,438233,465000
2310984,1575384,NULL,NULL,NULL,NULL,NULL
2312392,773808,1143380,1994943,1994943,1735325,NULL
2316378,1840605,NULL,NULL,NULL,NULL,NULL
2318131,1247793,1698222,2394856,2394856,NULL,NULL
2319209,491916,1207214,1763950,1763950,1207166,1764062
2324014,1761658,1690492,1248755,1248755,1526603,1311435
2325843,2043852,1207130,1320058,1320058,2124634,1227694
2330836,3019441,1741905,983669,983669,802560,983658
2331534,1256182,1207866,1487914,1487914,1551171,1260516
2341724,874429,457639,972506,972506,427515,459432
2342412,1399484,NULL,NULL,NULL,NULL,NULL
2348733,1812351,1419445,1207496,1207496,1831203,445230
2362405,1158301,NULL,NULL,NULL,NULL,NULL
2362658,683555,1207496,1694704,1694704,1542901,1747669
2362770,1454705,1006264,2069419,2069419,1451864,2864465
2366359,436187,485507,1845690,1845690,1707763,2111007
2370709,486234,394209,2260432,2260432,750327,1517705
2371680,760611,NULL,NULL,NULL,NULL,NULL
2371859,1735053,2022783,1735678,1735678,2145931,945829
2371914,972506,2373499,NULL,NULL,NULL,NULL
2373499,874429,457639,972506,972506,427515,459432
2374719,2178967,1831670,1928535,1928535,1264161,1757655
2375813,2028744,2811697,1578205,1578205,1830193,873552
2376559,1469815,NULL,NULL,NULL,NULL,NULL
2377103,2137963,930572,1928439,1928439,1757655,1921233
2382909,1753584,1253408,NULL,NULL,NULL,NULL
2385751,991212,1206696,1374660,1374660,916149,2110800
2386825,1013078,2710718,NULL,NULL,NULL,NULL
2386978,1605626,NULL,NULL,NULL,NULL,NULL
2394856,2318131,NULL,NULL,NULL,NULL,NULL
2401577,1752258,1735879,1543830,1543830,1831391,1968626
2405085,1994943,1949001,436236,436236,1995384,1537324
2414687,1542140,1689696,1444940,1444940,1712976,2193205
2416730,498644,441291,498607,498607,446299,427497
2425489,1921287,NULL,NULL,NULL,NULL,NULL
2462396,1875694,1555903,1451923,1451923,1319973,3065781
2547561,392426,1188650,438233,438233,465000,446493
2570235,491916,1526231,2083015,2083015,1656379,1279370
2579477,2294179,NULL,NULL,NULL,NULL,NULL
2600330,1732808,1694704,1577509,1577509,1871262,1695266
2609708,760611,1444024,NULL,NULL,NULL,NULL
2613931,1908461,2281192,1735879,1735879,1764801,1735325
2644552,2297368,NULL,NULL,NULL,NULL,NULL
2652364,1938266,2063890,1140655,1140655,485637,1258233
2653480,2217701,NULL,NULL,NULL,NULL,NULL
2657432,1502957,1745545,1507344,1507344,1856702,1828568
2657612,1443024,677337,NULL,NULL,NULL,NULL
2663826,2276707,2021651,1206515,1206515,1822380,445072
2668144,1206920,2293824,1525878,1525878,815197,NULL
2676459,1422804,937732,1548559,1548559,NULL,NULL
2680867,1206544,2145931,NULL,NULL,NULL,NULL
2683978,493182,1745120,2776082,2776082,753169,1526762
2685164,2205636,1747736,2242746,2242746,NULL,NULL
2689716,1647046,NULL,NULL,NULL,NULL,NULL
2690179,1732808,683555,1694704,1694704,NULL,NULL
2698331,3019374,1906656,1731171,1731171,2864562,1875815
2701951,1865540,1318670,1814767,1814767,965066,944521
2703408,1819741,1206878,2195278,2195278,1921416,485319
2710718,2386825,NULL,NULL,NULL,NULL,NULL
2714407,2137963,2022783,1757655,1757655,NULL,NULL
2714662,1760726,2722334,2290932,2290932,1902733,1695266
2722334,2714662,1323294,928816,928816,1902733,NULL
2731320,1752323,1442884,1525878,1525878,815197,NULL
2776082,2683978,1760726,1323294,1323294,1758403,1525804
2777379,1552151,NULL,NULL,NULL,NULL,NULL
2779055,1206544,1249015,1207579,1207579,1206306,NULL
2779162,1385258,NULL,NULL,NULL,NULL,NULL
2784169,2683978,2281192,1745120,1745120,753169,1525804
2809485,1981542,NULL,NULL,NULL,NULL,NULL
2811697,2375813,NULL,NULL,NULL,NULL,NULL
2864465,1659241,2864562,1072672,1072672,1764801,1875815
2864562,1544168,3018443,1206492,1206492,2698331,2864465
2867523,2195278,965066,NULL,NULL,NULL,NULL
2884016,983749,NULL,NULL,NULL,NULL,NULL
2885783,3025275,943212,1454018,1454018,NULL,NULL
2913947,2193205,NULL,NULL,NULL,NULL,NULL
2969378,869751,NULL,NULL,NULL,NULL,NULL
2975433,1399484,NULL,NULL,NULL,NULL,NULL
2988308,1541943,NULL,NULL,NULL,NULL,NULL
3009358,1840208,NULL,NULL,NULL,NULL,NULL
3018433,1303109,1735678,1560974,1560974,NULL,NULL
3018443,1736381,436236,3115285,3115285,2864562,1446599
3019374,1908461,1745120,1444940,1444940,1839003,1735325
3019441,2330836,745218,802560,802560,NULL,NULL
3025275,436187,1994943,2885783,2885783,2140539,1206419
3032861,1318298,NULL,NULL,NULL,NULL,NULL
3042535,2021651,943212,1735624,1735624,NULL,NULL
3045725,1707763,1374660,1695798,1695798,NULL,NULL
3053563,2188751,NULL,NULL,NULL,NULL,NULL
3064150,498223,NULL,NULL,NULL,NULL,NULL
3065781,1555903,2462396,1858406,1858406,1765603,1320283
3069166,869751,1525614,NULL,NULL,NULL,NULL
3115285,3018443,NULL,NULL,NULL,NULL,NULL
3194672,1761658,1207843,1207291,1207291,NULL,NULL
3237407,1735425,1525878,NULL,NULL,NULL,NULL
